{"schemaVersion":"1.0","appDefinitionTemplate":{"id":"/providers/Microsoft.PowerApps/apps/","type":"Microsoft.PowerApps/apps","tags":{"primaryDeviceWidth":"1366","primaryDeviceHeight":"768","supportsPortrait":"true","supportsLandscape":"true","primaryFormFactor":"Tablet","publisherVersion":"3.22085.14","minimumRequiredApiVersion":"2.2.0","hasComponent":"false","hasUnlockedComponent":"false","isUnifiedRootApp":"false","sienaVersion":"20220911T230230Z-3.22085.14.0"},"properties":{"appVersion":"2022-09-11T23:02:30Z","lifeCycleId":"Published","createdByClientVersion":{"major":3,"minor":22085,"build":14,"revision":0,"majorRevision":0,"minorRevision":0},"minClientVersion":{"major":3,"minor":22085,"build":14,"revision":0,"majorRevision":0,"minorRevision":0},"backgroundColor":"rgba(204, 231, 246, 1)","backgroundImageUri":"/4060138456716660431/N92fa0f65-32ab-4b60-ac7c-e3d91821f5e8-logoSmallFile","displayName":"STEM Salaries","description":"","commitMessage":"","appUris":{"documentUri":{"value":"/4060138456716660431/N13f9828e-b052-4d4a-82f3-9de1fbcb5174-document.msapp"},"imageUris":[],"additionalUris":[]},"createdTime":"0001-01-01T00:00:00Z","lastModifiedTime":"0001-01-01T00:00:00Z","sharedGroupsCount":0,"sharedUsersCount":0,"icons":{"smallIconUri":"/4060138456716660431/Nd553ba30-f09f-4ca4-8481-5e1702bf3e52-small.png","mediumIconUri":"/4060138456716660431/Nb855c47a-5238-45a6-92a5-d6b4287c76cb-medium.png","largeIconUri":"/4060138456716660431/N04605fe7-3f9e-4bac-a753-0582b554e12e-large.png","wideIconUri":"/4060138456716660431/N069cc0ad-8b8d-4997-b080-67fa1732f39f-wide.png"},"connectionReferences":{"a28be640-b7dc-4d80-bf61-2a139f82b150":{"id":"e07bfee8-4092-4e8d-9ff4-455493fa757e","displayName":"STEMSalaries","iconUri":"https://prodapiicons.cdn.powerappscdn.net/20220902t000000zae4adc228a014236b6d2863d8779a6d0/customconnectoricon.png","dataSources":["ML.NETSTEMsalaries"],"dependencies":[],"dependents":[],"parameterHints":{},"parameterHintsV2":{},"isOnPremiseConnection":false,"bypassConsent":false,"dataSets":{},"apiTier":"Standard","isCustomApiConnection":true,"actions":["GetSalary"]},"9bc7783a-825f-4138-9ddf-b46b2c4c2432":{"id":"4baf8e20-52d3-421e-aba7-be2971ac8475","displayName":"SharePoint","iconUri":"https://connectoricons-prod.azureedge.net/releases/v1.0.1591/1.0.1591.2961/sharepointonline/icon.png","dataSources":["History"],"dependencies":[],"dependents":[],"parameterHints":{},"parameterHintsV2":{},"isOnPremiseConnection":false,"bypassConsent":false,"dataSets":{"https://pablitopiova.sharepoint.com/sites/PowerPlatform":{"dataSources":{"History":{"tableName":"86f003f5-9394-45f5-8264-29d6d4ed84c4"}}}},"apiTier":"Standard","isCustomApiConnection":false,"actions":["providers/PowerPlatform.Governance/Operations/Read","providers/PowerPlatform.Governance/Operations/Write"]}},"databaseReferences":{},"almMode":"Environment","performanceOptimizationEnabled":true,"canConsumeAppPass":true,"enableModernRuntimeMode":false,"executionRestrictions":{"isTeamsOnly":false,"dataLossPreventionEvaluationResult":{"status":"Compliant","lastEvaluationDate":"2022-09-02T22:11:34.1684118Z","violations":[],"violationsByPolicy":[],"violationErrorMessage":"The app uses the following connectors: shared_stemsalaries-5f39e5af1816e44857-5f8dcdecea93e33edf."}}},"appType":"ClassicCanvasApp","appComponents":[]}}