{"schemaVersion":"1.0","appDefinitionTemplate":{"id":"/providers/Microsoft.PowerApps/apps/","type":"Microsoft.PowerApps/apps","tags":{"primaryDeviceWidth":"1744","primaryDeviceHeight":"770","supportsPortrait":"true","supportsLandscape":"true","primaryFormFactor":"Tablet","publisherVersion":"3.22085.14","minimumRequiredApiVersion":"2.2.0","hasComponent":"false","hasUnlockedComponent":"false","isUnifiedRootApp":"false","sienaVersion":"20220909T193928Z-3.22085.14.0"},"properties":{"appVersion":"2022-09-09T19:39:28Z","lifeCycleId":"Published","createdByClientVersion":{"major":3,"minor":22085,"build":14,"revision":0,"majorRevision":0,"minorRevision":0},"minClientVersion":{"major":3,"minor":22085,"build":14,"revision":0,"majorRevision":0,"minorRevision":0},"backgroundColor":"rgba(204, 231, 246, 1)","backgroundImageUri":"/4060138456716660431/N5615f2ac-c3ba-4ce0-a15b-3e876e34b15d-logoSmallFile","displayName":"STEM Salaries","description":"","commitMessage":"","appUris":{"documentUri":{"value":"/4060138456716660431/N73280e42-4ba1-4f42-9541-9a552f4da1a7-document.msapp"},"imageUris":[],"additionalUris":[]},"createdTime":"0001-01-01T00:00:00Z","lastModifiedTime":"0001-01-01T00:00:00Z","sharedGroupsCount":0,"sharedUsersCount":0,"icons":{"smallIconUri":"/4060138456716660431/N496eeac0-99b4-4d62-a05b-498011611aac-small.png","mediumIconUri":"/4060138456716660431/N9fb01ce1-35ec-4630-ba87-657da66a9792-medium.png","largeIconUri":"/4060138456716660431/Nf23425a9-e91e-42a4-a0e7-6dce5de315ba-large.png","wideIconUri":"/4060138456716660431/Na7528ff9-1c21-4f3d-9056-c56a8d087d64-wide.png"},"connectionReferences":{"a28be640-b7dc-4d80-bf61-2a139f82b150":{"id":"e07bfee8-4092-4e8d-9ff4-455493fa757e","displayName":"STEMSalaries","iconUri":"https://prodapiicons.cdn.powerappscdn.net/20220902t000000zae4adc228a014236b6d2863d8779a6d0/customconnectoricon.png","dataSources":["ML.NETSTEMsalaries"],"dependencies":[],"dependents":[],"parameterHints":{},"parameterHintsV2":{},"isOnPremiseConnection":false,"bypassConsent":false,"dataSets":{},"apiTier":"Standard","isCustomApiConnection":true,"actions":["GetSalary"]},"9bc7783a-825f-4138-9ddf-b46b2c4c2432":{"id":"4baf8e20-52d3-421e-aba7-be2971ac8475","displayName":"SharePoint","iconUri":"https://connectoricons-prod.azureedge.net/releases/v1.0.1591/1.0.1591.2961/sharepointonline/icon.png","dataSources":["History"],"dependencies":[],"dependents":[],"parameterHints":{},"parameterHintsV2":{},"isOnPremiseConnection":false,"bypassConsent":false,"dataSets":{"https://pablitopiova.sharepoint.com/sites/PowerPlatform":{"dataSources":{"History":{"tableName":"86f003f5-9394-45f5-8264-29d6d4ed84c4"}}}},"apiTier":"Standard","isCustomApiConnection":false,"actions":["providers/PowerPlatform.Governance/Operations/Read","providers/PowerPlatform.Governance/Operations/Write"]}},"databaseReferences":{},"almMode":"Environment","performanceOptimizationEnabled":true,"canConsumeAppPass":true,"enableModernRuntimeMode":false,"executionRestrictions":{"isTeamsOnly":false,"dataLossPreventionEvaluationResult":{"status":"Compliant","lastEvaluationDate":"2022-09-02T22:11:34.1684118Z","violations":[],"violationsByPolicy":[],"violationErrorMessage":"The app uses the following connectors: shared_stemsalaries-5f39e5af1816e44857-5f8dcdecea93e33edf."}}},"appType":"ClassicCanvasApp","appComponents":[]}}